Value,Meaning,Cases,Fraction
-0.95197,18-24,643,34.11%
-0.07854,25-34,481,25.52%
0.49788,35-44,356,18.89%
1.09449,45-54,294,15.60%
1.82213,55-64,93,4.93%
2.59171,65+,18,0.95%